epoch,step,lang_emb_dim,lang_emb_var
0,258,"[2, 768]",0.5923660397529602
1,258,"[2, 768]",0.5923660397529602
0,258,"[2, 768]",0.5923660397529602
0,3119,"[10, 7]",0.16427376866340637,"[10, 7]",0.1729280650615692,"[16, 768]",0.6151511073112488
